"(1, 151019789)","(1, 151019787)","(1, 151019785)","(1, 151019784)","(2, 151019789)","(2, 151019787)","(2, 151019785)","(2, 151019784)","(3, 151019789)","(3, 151019787)","(3, 151019785)","(3, 151019784)","(4, 151019789)","(4, 151019787)","(4, 151019785)","(4, 151019784)","(5, 151019789)","(5, 151019787)","(5, 151019785)","(5, 151019784)","(6, 151019789)","(6, 151019787)","(6, 151019785)","(6, 151019784)","(7, 151019789)","(7, 151019787)","(7, 151019785)","(7, 151019784)","(8, 151019789)","(8, 151019787)","(8, 151019785)","(8, 151019784)","(9, 151019789)","(9, 151019787)","(9, 151019785)","(9, 151019784)","(10, 151019789)","(10, 151019787)","(10, 151019785)","(10, 151019784)","(11, 151019789)","(11, 151019787)","(11, 151019785)","(11, 151019784)","(12, 151019789)","(12, 151019787)","(12, 151019785)","(12, 151019784)","(13, 151019789)","(13, 151019787)","(13, 151019785)","(13, 151019784)","(14, 151019789)","(14, 151019787)","(14, 151019785)","(14, 151019784)","(15, 151019789)","(15, 151019787)","(15, 151019785)","(15, 151019784)","(16, 151019789)","(16, 151019787)","(16, 151019785)","(16, 151019784)","(17, 151019789)","(17, 151019787)","(17, 151019785)","(17, 151019784)","(18, 151019789)","(18, 151019787)","(18, 151019785)","(18, 151019784)","(19, 151019789)","(19, 151019787)","(19, 151019785)","(19, 151019784)","(20, 151019789)","(20, 151019787)","(20, 151019785)","(20, 151019784)"
0,0,0,0,0,0,0,0,0,0,0,0,0,0,0,0,0,0,0,0,0,0,0,0,0,0,0,0,0,0,0,0,0,0,0,0,0,0,0,0,0,0,0,0,0,0,0,0,0,0,0,0,0,0,0,0,0,0,0,0,0,0,0,0,0,0,0,0,0,0,0,0,0,0,0,0,0,0,0,0
0,0,0,0,0,0,0,0,0,0,0,0,0,0,0,0,0,0,0,0,0,0,0,0,0,0,0,0,0,0,0,0,0,0,0,0,0,0,0,0,0,0,0,0,0,0,0,0,0,0,0,0,0,0,0,0,0,0,0,0,0,0,0,0,0,0,0,0,0,0,0,0,0,0,0,0,0,0,0,0
0,0,0,2.83943967197368,0,0,0,2.53621847602081,0,0,0,2.65573858685367,0,0,0,2.53303515569964,0,0,0,2.61763539846261,0,0,0,2.58374612992973,0,0,0,2.80562598541139,0,0,0,2.67296351554166,0,0,0,2.56314009569867,0,0,0,2.66661880622323,0,0,0,2.74628021730308,0,0,0,2.94290649774148,0,0,0,2.57654248758895,0,0,0,2.63758111261010,0,0,0,2.56543317246000,0,0,0,2.69008642769565,0,0,0,2.92204883571461,0,0,0,2.62963271156347,0,0,0,2.68096816584617,0,0,0,2.75534299875938
0,0,0,2.99724024710754,0,0,0,2.82664645801925,0,0,0,3.20732647977851,0,0,0,3.03496980672703,0,0,0,2.93299817670188,0,0,0,2.83191679368287,0,0,0,2.99744053339069,0,0,0,3.06922404930845,0,0,0,2.86948994591476,0,0,0,2.91741951664462,0,0,0,2.94477066441041,0,0,0,3.05749772581289,0,0,0,2.82770757897836,0,0,0,3.09447742497952,0,0,0,3.05480008639947,0,0,0,2.82868671504652,0,0,0,2.71450743055167,0,0,0,2.97323635294345,0,0,0,2.99533569631728,0,0,0,3.06686439034649
0,3.33470456147308,4.00719541292800,3.38227508827701,0,3.38176397029057,3.70863694542296,3.18611989897346,0,3.24965839653654,3.89016149446441,3.25286285800593,0,3.30641163649361,3.64281561944689,3.25114600398208,0,3.47264666075240,3.49941804730009,3.17573749355112,0,3.33248422487897,3.66407553615462,3.10451569976230,0,3.10594076652851,3.56663218495699,3.37401431653713,0,3.06191386308514,4.00013855516830,3.22030497874264,0,3.21887844124431,3.85721757663953,3.17335794332028,0,3.44039667133973,3.55425710640586,2.89074358198065,0,3.41937939606935,3.82404718499315,3.61903121511662,0,3.10829591090781,3.68464812320708,3.45839533979661,0,3.36945542993502,3.71599516590582,3.28868541136536,0,3.10029507982663,3.61396330902256,2.87961854554074,0,2.97208096208858,3.70031022398998,3.28401555539552,0,3.40987649305588,3.73273811811780,3.23998763754888,0,3.32893286515037,3.74417056237695,3.36706694281248,0,3.47210747356098,3.38681755737302,3.35651343851174,0,2.99566254921679,3.98222956420911,2.89018679153828,0,3.17306025749549,3.77795904541024,3.43571180223627
0,3.36380357992300,3.73253003609744,3.55925204442428,0,3.40190347785871,4.06901521905560,3.42474751205849,0,3.57128421953717,3.69740785159349,3.30472527057749,0,3.73784927552798,4.46797507443985,3.54052450127554,0,3.21752163569107,3.95116473358784,3.44307193678782,0,3.66526197150044,4.02513314287253,3.67962909011837,0,3.65567714143130,4.22934622621818,3.54044387379022,0,3.34378247780739,3.95774929633033,3.70791728312481,0,3.45582091821546,4.21395368370587,3.49557301583789,0,3.33450098616105,4.29107418151229,3.73049394331990,0,3.26365417146367,4.13356604515881,3.47053656288072,0,3.35997285373323,4.25888185572379,2.90309570117982,0,3.56843078900317,4.38079469045003,3.69404683258680,0,3.58789886894955,4.03134432458972,3.74658674904623,0,3.46209652551707,3.97816772660898,3.64639525828761,0,3.38894941300077,4.14433819485111,3.33083771256317,0,3.63702622307887,4.00511366644131,3.55396603629674,0,3.69823177466557,4.11927333574427,3.62174951157382,0,3.43197754420597,4.52173553457336,3.47244564378967,0,3.38234159590452,3.62840967404128,3.50213571273790
0,3.87507365166100,5.00448041006102,3.96453048391428,0,3.89729582809565,4.28036648855885,4.14098761369770,0,3.81221689090329,4.63443320236251,3.79017572316872,0,3.28219706916015,4.63535867020981,4.09196532039140,0,3.56635480587660,4.23828624919526,4.13368710280445,0,3.74762436537375,4.92137673894481,3.93930742327848,0,3.94366713347681,4.28895915818181,3.97542963313832,0,3.57903413409616,4.49391293455084,4.22371505139013,0,3.99907272778440,4.41412507952375,3.79309560771836,0,3.93625099116914,4.55924816616354,3.57873503526455,0,3.70798228586839,4.79853761477302,3.56775766263083,0,3.82569635203106,4.67926263799302,3.93359043929603,0,3.72371637264825,4.46548910907822,3.67621055951982,0,3.84898733149836,4.39648030860395,3.53383711451218,0,3.74579935926419,4.76875121962006,3.82392976032347,0,3.84312743350612,4.17051967333976,3.96983033814774,0,4.03034062384615,4.21458309011560,3.83016583636180,0,3.65244217812947,4.99981736039490,3.60646554002838,0,3.93668036452183,4.68031970693843,4.16780575058084,0,4.08221778707186,4.51036994212514,3.60370029102646
5.68613857195909,4.44647206702373,4.72451948658271,4.30532678317431,5.32370241109095,4.13717892227593,4.55208085757319,4.17187797020810,5.72579286231327,3.92974385198217,4.94351333117076,4.59547913835682,5.77741452364252,3.93249576317048,4.78757094562887,3.98150880293176,5.71432386805585,4.04056446963779,4.43275985911182,4.33863563382639,5.72831405661786,3.90936893444787,4.66358232222800,4.11167746442869,5.76642748319380,3.93526513479345,4.95633857209149,3.81553078224585,5.64852239857838,4.02181653019150,4.91353536560222,4.10085046487033,5.80672302733561,4.24357700133363,4.44063266603325,3.96622244662269,5.83008731157064,3.92500499847197,4.87233010598914,4.13763844849741,5.27756106550804,4.07514583562811,4.78326058946294,3.77689372012656,5.74217073150707,3.82735804672506,4.56750713413780,3.99853570942424,5.71207767597553,4.08383301117705,4.46707272492458,4.01632668607125,5.61106458229962,4.50063482407892,4.80958886507550,4.43908806715826,5.76019304172691,4.25570580239036,4.95042924135024,3.70510718692722,5.38114865281263,4.21854404426144,5.03489386624752,3.97484876657261,5.34647375130849,4.24056114148814,4.41908185808119,4.17104756354831,5.97862992821732,4.25001241878419,4.52719754940916,3.89753171054226,5.52225005315332,3.67983590368240,4.41259407428142,3.90892399587892,5.83541006607641,4.47763305068447,4.91585334322095,3.96999345349523
6.43299855786316,4.27601999128488,5.09738257807285,4.34093965234203,5.93763543710996,4.23915640026208,5.31877986421593,4.85390477183253,6.41178427124871,4.45774200080517,5.61455572162623,4.71131698930646,5.90973340022275,4.62353923822838,5.55709760275716,4.46601461318997,6.27933308432615,4.25831298423146,5.42372683759843,4.46530976406089,6.65342377473597,4.49666388888387,5.19942795831050,4.65393025587148,5.76658850798122,4.30611284276922,4.96167193635554,4.50386083508882,6.40661777388547,4.31852617645257,5.00385963509149,4.34851932384618,6.54851010009513,4.33759369469265,5.09647485531661,4.41265581296289,5.68714118713829,3.99203771346448,5.05349298647751,4.39569631508550,5.95703420872982,4.77051005199461,5.46289920153698,4.31441282218606,6.45762392919373,4.48744748524693,4.58686240729685,4.75931691051066,6.60239799519210,4.44528453128854,5.19121440282692,4.60469069129375,6.86305935260026,4.20208358350355,4.95499820050616,4.29835200098138,6.29117708545897,4.23431506140791,5.50024826867085,4.69457490962234,6.48727579313452,4.23057580818953,5.19540348162311,4.73345151777250,6.65367335530947,4.76011120772041,4.98886248799997,4.72987512885257,6.65485400193267,4.45062651172861,5.56438119027276,4.71044738676630,6.02127764627727,4.61101599140800,5.41872049788133,4.82456680503167,6.41484888980749,4.81608637910965,5.45847980763123,4.55895758352231
6.84078286433844,4.70521130792242,5.89647543246740,4.54452124990056,6.49121149700929,4.51189104040720,5.51916568131952,4.93637717458915,6.18764556328906,4.31254601507588,5.58407913811609,5.12557761467540,6.23090032585556,4.46483777833756,6.01868173770583,4.84127406809831,6.81210530785640,4.82436338236772,5.52545649964473,4.93457831789505,5.86545463083480,4.46739530522463,5.43959748654464,5.07384744792398,6.16027696468481,4.40530639035309,5.50321325056766,4.75416099369064,6.40085863283391,4.79594699737191,5.37634769886761,5.10854719907531,6.07390363233006,4.64321373077419,5.76666759519009,4.93966442913829,6.66602948774417,4.60738242030913,5.44882668899417,4.91228498208539,6.51217472482278,4.34753181576580,5.63498474918862,4.59303611674278,5.80996212797765,4.60842212365865,5.54496233283993,4.74541576671148,6.71642470108956,4.62384798992891,5.72591968328388,5.17687780793664,6.30277529761970,4.99044072940055,5.50788515860459,4.83531864738304,6.16487254126885,4.54767654145483,5.84854883389791,4.92136429271142,6.46585180201894,4.76690913683554,5.17608005263683,4.95662497290192,6.79359634881059,4.61642609878509,5.84683404432355,5.22545770741855,5.99719855702379,4.46105454596726,5.32302510104062,4.63708186336957,5.94923792323604,4.64533381792001,5.51553959722217,5.35996652318253,6.71208708599750,4.89984624539614,5.32823527092284,4.73807425047830
6.66587338832916,5.24830707129082,5.72868923455792,4.92756813595873,7.26074992713202,5.10442990288647,6.71441426061975,5.28108136206925,6.54012256810871,5.18779247856122,6.05480301753445,5.69810101826648,7.04377802010466,5.02548567274164,6.81286062861956,5.40453335257377,7.10902596398698,5.03052883225008,6.75763965828230,5.41380512407355,6.86972711607244,4.88840556577936,6.50792516504636,5.43748171138739,6.84712208042587,4.72726933884958,6.75379074235736,5.09375753249561,7.40313463169788,4.89455316242474,6.29362050080565,5.27881143273575,6.70399819580788,4.75895609806640,6.04441424417482,5.19191315001626,6.48587003736907,4.53903912924822,5.87640056790240,5.25668576311123,7.03993657341628,5.07536825641918,6.13384232457159,5.71825481366125,7.06452140854506,5.10819903376989,6.58412211137762,4.85350703477083,7.00982286680514,5.21813053915491,6.11940365545461,5.30677733118589,7.59773295623395,5.13104292091946,6.10008636698070,4.80226901250755,6.63862763586165,5.16075010746627,6.29465051286050,5.40283326706453,6.67249920050575,4.86054712089901,6.03786206770575,5.14992212751358,6.75855625940966,5.34766604724008,6.32292997029444,5.36454869593191,7.10172824440110,4.98051302226209,6.15026908952993,4.84655204303403,7.28695834824287,5.03590807785270,6.63070883510376,5.24059686012474,7.24485785967052,4.51063379463248,6.67277772769516,5.44315180197948
7.61722298068767,5.74003412830233,7.11549858085287,6.10521614852924,8.46128916065565,6.40817262795445,7.10219432460567,5.68920341310570,8.42601832372253,5.79110551170576,6.86996081329778,5.90713236092094,8.19946865187845,5.59626581615746,6.16180421302161,5.90967910467821,8.05781569375961,6.18964822267003,6.85149551417870,6.03890826516029,8.63073445556510,6.15363757003531,6.73228189057798,6.17818902335616,8.28260281356246,6.01973590926869,6.22617026178091,5.87601558888448,7.86862516115465,5.75355784245993,7.12075452150259,5.95211706918692,7.93290300906782,5.40748078808792,7.03852795191370,6.00305743295983,7.95768672344162,6.09939011296157,6.66048060706805,6.37418092032859,7.59378427254502,6.08204575783062,7.05890242044570,5.85224788726254,9.00590433401168,5.94375939891822,7.30151137891440,6.25464737658312,7.99698426692699,5.98693317573381,6.46908014167512,5.96107762010650,8.33688181900017,5.82161105422723,6.53510529579597,6.31025891434509,8.61433841841010,6.11610494580489,6.99591919271287,6.27738975017001,8.79419584976827,5.85040951365249,7.06341873288625,5.88547994486524,8.86651895615386,5.94431437827912,7.23529244121818,6.26837654216967,8.97070881950738,5.60860004830115,7.26141282973511,5.79202594700954,8.69535731239108,5.78446191772689,6.80003399848288,6.05495905835540,8.17586608982199,6.45733200867197,6.94356191469459,5.89644005385526
8.72727523683626,6.41632204251889,8.10935520685242,6.83907235455807,9.21020986421796,6.07734077682584,7.77968253721311,7.23674635829352,9.03314994812499,6.25145150168502,7.31604161052984,6.70626475579729,8.79325956164306,6.14512652797765,8.40764144677656,6.97652045027240,8.93572623598202,6.17369941300736,7.92985567184992,7.15732604477984,9.07448320410069,6.23851717582402,7.77837210110111,6.90545931019762,9.09751725968324,6.33853786094188,7.35360317023437,7.07916872175547,9.14913348927258,6.28978913469951,8.10546425237230,6.97731880429652,9.08300827862282,5.80191524477900,7.32925541741261,7.31531838701046,8.59559389831794,5.94833682025159,8.04292342378998,7.46680083934544,8.65131406214464,5.91076707872193,7.77726253973430,6.89514306956701,8.44484128085915,6.30703824729006,7.62351426151383,6.15034438986480,8.16002815424271,5.98531492046302,7.42216648411356,6.99254374496479,9.07872989566183,6.44379995982169,8.78221664034158,7.02117783647701,8.37686157089419,5.79022289228582,7.80814600699476,6.75766579719504,9.12461564870892,5.73691812999425,7.97521470450710,6.99055652863634,8.85882047889373,6.55132086252658,7.20377841681671,7.11247728594647,8.41063673736639,6.24798756994967,7.94475874157680,7.05441721503564,8.67047930889893,5.75451633876574,7.77285631628446,6.68713881717616,9.07585272868124,6.19728066889055,8.85089589681927,7.08033574292581
9.42412154155544,7.36699645366464,9.32511901585445,7.95472605276002,10.8720622259534,7.49777694334181,8.76837198141106,7.45448938271309,10.7744236082931,7.20628502339079,8.71113380436183,8.13367458553057,10.8163611788464,7.48454924854526,8.60224838727143,7.52635414062607,9.50466109923518,7.35547629826506,8.22815081587340,7.59603323123945,10.8841033936229,8.02095567681780,8.72089486632945,9.04954457310060,10.3772808113098,7.77128875194394,8.82416654471955,8.05938349654647,10.6907980942635,7.11078175656762,8.87296651410765,7.64686841462582,10.2142568765038,6.98298875267661,8.83144556417133,8.27420870020048,10.1538458970578,7.78978997376664,8.83451010768714,8.45070977407709,10.5054293352082,7.40813804338663,8.41584651479707,7.74922408917912,10.3536471593951,7.71840161491102,9.41417234211736,7.09688962623955,10.2475500799686,7.13572546519716,7.81172130843065,8.64073485368815,10.2615527848105,7.40008977689114,8.83100716796911,8.39474959871999,9.35312145195478,7.12452116581868,9.10956998912465,8.12515216324204,10.8139867489133,7.10180778204531,9.94043031418543,8.00199960339874,10.6644607392433,7.13365176193931,8.79959775368272,8.06045846834341,10.6829620544657,7.45198446998911,8.73089809364958,7.56344013999031,10.3184841120329,8.15101134278600,8.36953524112119,7.99656754756410,10.4031207929274,7.90960135325253,9.71587386206733,8.21730812966334
11.3691826067189,8.87738235964235,10.6629189599184,8.48837737549185,11.7496379153751,8.84185838223278,10.0362460710894,9.71506657933260,12.2572565885327,9.19126030274941,11.3132230756652,8.53491495450116,12.5020406004971,9.49341813484617,10.4844796058604,9.65297550881683,12.7179238593570,9.17488770686280,11.6215132777201,9.72258423867909,12.7274398934012,8.50126895947323,12.0189989256921,9.69244042738732,13.7316357374538,9.26895060246437,10.8382799695230,9.52398942629175,12.5614380072972,9.18237323396765,11.1130255544941,9.70695015009043,12.3596015393015,8.13199756452055,11.3499595016307,9.52192478576670,12.2202179495058,9.76306936693406,9.80925420487595,9.37433613904351,12.7616032654310,8.02889631867344,11.1455542751913,9.52905160216900,13.9802501788516,9.32072539155443,10.8869489836375,8.89913852559498,12.8479173967747,8.74017642685097,10.3869864172894,8.90143215676765,12.7756627546280,8.88389302888697,11.2883502463726,9.38760043800027,12.5897707830084,8.94627503517868,10.7354624312083,9.99603408498071,11.2897917300436,9.17573385975559,11.2308596360046,9.25975008860445,13.3705364194435,8.96072323686489,11.0753814724723,8.84856270344623,12.1388136452582,8.75671425421529,10.2187730374800,8.36707657878155,12.0285001866855,8.94511816709425,11.0753118065576,9.59852413838850,10.8496604939948,8.81788481931307,11.0707796662579,9.08209852439295
12.2713864327790,9.12749731165861,11.7396333265294,10.2059911874738,13.4193744529720,9.61524344653635,10.7611511235600,9.73133387794949,12.1749777017583,9.23210112081337,11.6123045415309,10.8416308375099,15.0512463743163,9.50303358169499,10.6604464464104,10.4369697375059,11.7290720109451,8.46829567650178,11.6175695701952,10.2082725426073,12.0399038923129,9.10233812731458,11.5637091962358,10.5184802377054,13.5689145599687,9.17232949729897,11.4479048627382,10.2934875894915,13.0198527584904,9.73426452178192,11.7122604319605,9.12456200095350,13.4865787328153,8.90313294941303,10.6485882285481,9.75247932495275,12.9408373246675,9.65660533965427,11.6876584702865,10.4230437648600,12.7017931918704,9.38055848149669,10.9050811532939,11.0211552683483,12.5398408345120,9.01684860610332,11.7775953904584,9.78215294218425,13.2230123360489,9.25471565010336,11.7060587114889,9.27053159232065,13.2920092430958,8.58002707367915,11.7453701725324,10.2268630402097,12.7288923595861,9.00723486032769,12.0290435744726,10.5872753780194,12.5659010583623,9.21279955013369,10.8559095318089,10.3144007977481,12.5891137662480,9.16619884670110,10.8992753040587,9.54406679679141,14.1044285184140,9.55162167214609,11.9241408975027,9.58088093807493,12.4276147845679,8.46519027950367,12.8825371292936,9.96049912518501,13.0764398171992,9.21811518915607,12.2261732814399,9.49065068344186
16.1768440816878,11.8806791859713,15.3724366219012,12.9063074065532,18.1711291394115,11.7177908410169,14.1025038475653,12.3699310237190,17.0829418743810,12.7445591676535,14.5200350651196,12.2277542274707,14.8373515612239,11.1108640131718,14.4587597222196,12.4256531765263,16.6842026486389,12.1302465517168,14.4880963674835,13.1188047783214,19.0281871725038,11.3335992827930,14.7416822557915,13.7808952272907,17.4732999856532,12.0336028232097,15.4554825226185,13.5871034984440,17.3946823397214,12.0076948681961,14.4446845960405,11.7872919327584,14.8366129925839,12.2114453579401,14.3549576141877,12.6861419967906,16.8605635819470,12.1504700084723,14.5275622048022,13.2543478846991,16.8545027194788,11.7503093254439,14.2964029087758,12.5528286537271,16.5579601667659,12.6295281392247,13.7742672787235,14.0256721038415,16.7205468696436,11.5394616818165,15.2394955101304,12.3251270441399,16.5349120131802,11.3932486882598,15.3657559921639,13.0369998672723,18.1712747942481,11.9446624567831,14.0185893331332,12.5796320623887,17.4076512267309,11.4130988321090,14.8045077619347,11.7569968190709,15.5869643895503,11.9499007625299,15.6398550812548,12.7501195993897,17.7790523531419,12.8093276574868,15.1574980080471,13.2461089820087,18.2371480075769,12.7867923670790,14.4229014270400,12.7481143113936,18.0634468774357,11.4667625138634,15.0300667010472,12.4412647596298
18.1486570241567,13.0027643712322,16.3334290583825,13.6417721641686,17.4306709200059,13.0815298024545,13.5456562874461,13.0021470545093,16.8083102950934,13.7959407954805,16.1153323556056,13.8221562150164,17.0580473046584,13.1235059513081,15.3310706596464,12.9803414918512,17.0521623104793,12.2142963318861,14.6160120878126,12.9699126040750,16.8009315753942,12.1604904665475,14.5408885153378,12.7625471605031,17.9102815028765,13.2451073148036,13.8811068844290,12.6150402647186,18.8600962506118,12.3809927585489,13.2497924454861,12.4897107116871,18.2099281914490,12.7359835524083,14.5815415766229,13.6566150144388,17.5890438105159,12.6342183701862,14.8363427810889,12.8710909923995,17.3723461508852,12.0980048394840,15.8892416757014,13.0559980148882,17.5500023450935,12.3589265488023,12.9236355099243,12.4720384518582,17.1816126662688,13.1033030172091,15.7833551640926,12.9414015876545,17.6496160378087,12.6270344909160,15.8633494522527,11.8383571918006,17.3485213081864,12.2803204633120,15.9395639277325,12.9447277553269,18.2030400856022,12.4131999838301,14.6505211678109,12.8675025942755,19.1910267124633,12.0635062065933,15.4393597728531,12.8395866319152,17.5330235743826,12.5888899910879,16.0194660199898,12.6327359788397,17.2272646460303,12.4256511462167,13.5414846291111,13.3142174523925,17.1151813864106,12.8799361134993,15.4537860285279,13.3597569890093
21.9061577659638,15.9188026073384,18.1153052980774,15.8055144288005,22.1860355530332,15.3587263084989,18.0457959551908,16.8422249434386,21.6478675184475,14.2113141740516,19.4342346922204,16.3836476979292,21.4915983177749,15.7397172948498,20.0467584147314,15.5766536412338,21.1046015816831,16.0729388243471,18.1338394392565,16.4602198034781,22.1716777873097,15.0277842015814,18.3355612844806,16.4312001492576,18.4815294940411,14.7223395647388,17.6264946920786,15.7893608468238,20.9931832843844,15.7207463467485,18.8113630855022,16.4552105900562,20.0093836671556,14.3736330705917,17.7428867911112,16.0323622147556,20.7888114822770,16.7312319798972,18.5201270726937,16.8906705938004,21.4952897343680,14.7225115707759,17.5850061116636,15.8890365686693,21.9255087389946,15.2456807499102,18.2179981615747,16.4629175305274,21.1059411202188,14.0960414999327,19.0284862160587,15.6381414826380,22.7777064397117,15.1465379287584,17.8290931885839,16.8959226479755,21.7942952962380,15.2087267404284,18.7824025933775,15.0189807085895,20.3574570294408,16.1186836833775,18.1344236403258,15.8589031385772,21.9189726136698,14.7774635006412,18.6572745944495,16.8519386098003,20.8976900319195,14.3143550883113,19.2387847670996,16.5987086716673,21.7932213717560,14.9726973005024,19.4499265905897,17.6408662650820,23.0283173741539,15.3839585561663,17.2695366108614,17.8404666149628
23.0336068281899,17.2711847325394,21.3188220817421,19.5181338932760,23.8589784047493,17.8800367898770,20.6210019029584,20.3564828727102,24.0536826250547,18.3288301339492,20.4635803144986,18.3228623365058,24.5648108710069,19.2303665295713,21.2707896788499,19.5406107639770,24.2495003257635,17.6246394591163,20.9417020265528,18.1347278302536,23.5919943549474,18.8671639787660,18.8724098585469,17.0004019587623,25.3566575061477,18.6045094404397,22.0198150884176,19.3130285635369,23.7011375528340,17.2663088053320,21.2001476137127,18.4334973030824,24.9171289156056,19.3849779935718,20.9036027121054,18.2781473728162,23.5416792124730,18.3064182884572,21.2459589230676,18.8512291096764,24.7559883421844,16.9645222855580,22.0634839471899,17.3933514847177,26.3193197206386,18.1201598159107,20.0314818346728,19.6179765171360,26.0401708415454,18.2862787141756,21.5952780473262,17.5974242960061,25.7452734749220,16.5307654701535,19.5140368438672,18.1213645542252,22.4380790223663,17.4234598284114,18.0666212711948,17.7129774596204,23.2114636216400,17.0982430473977,21.5972315032632,19.4188671697254,23.8272769390829,15.9640627740123,19.5417908014555,19.5749878425197,22.5194526357221,18.2419010687145,20.8693028037146,19.0160776126483,23.3653571409074,17.1164867870495,20.2140888073941,19.2497774365904,22.8117532867954,16.2744509965993,19.6003745316572,18.1130993163274
26.4731730856226,20.9033835689222,25.5254819046944,19.0191285688966,28.2951225887127,21.2030505296261,22.4276194125308,17.0296190625945,27.7388327947392,19.5554803412068,24.5881807701867,22.1302555669752,26.8252846517642,19.9272289474283,23.7351188506735,19.5645387652811,28.0114431125811,19.7815524259734,22.7849336819148,18.9561758536625,27.8142024457175,21.2913324728215,23.5143342596447,20.5401069885946,26.7123920819186,19.4137057592889,25.1071539738685,21.6569205438327,26.3117263966848,19.4355882454017,24.6639786143466,22.5325624303181,25.1614967741443,19.1772315926211,23.7334958140384,23.3856284976980,25.2397195344911,17.7209553300078,24.2889097811695,19.4450776409268,29.0733022178994,19.0062845727931,23.3347221293414,19.6435643973159,27.7920272452947,20.3052791084504,23.5359841652538,21.2459333978630,27.3034724558007,19.7475736666786,23.8598755468128,19.7307795261561,29.6190539120845,19.6570791560682,24.0577311047840,20.4702471144534,29.2667451954033,21.1065496399352,23.2818900360078,19.7387309101254,29.0288443703589,21.1563861154920,23.7204205239034,20.5882960839711,25.9200913099455,19.1622776204921,23.4406682762775,19.9689237292825,27.8304171465103,19.4923761322069,23.1395892497525,22.3937850406686,26.5242120517411,20.4064536711779,23.2169212181865,22.6875622372690,29.3569573365159,20.6083949505432,23.1908367256212,20.9816392070153
31.5694837517743,23.0774863962198,28.7210752684883,26.0784095318194,31.5833651021729,25.0305423783321,27.1140559183339,24.6804719615735,32.9925534210926,23.7805782391153,25.8596192314147,24.5040770999347,32.3454933740452,22.2460593875071,24.5659502614549,23.9781096066678,32.6046132968448,22.5394182148149,26.9128829328263,27.2369438350662,31.8224882183699,22.6994519587870,26.2353210061635,24.9204981881320,34.2778946786850,22.1199968469700,25.7026190054061,24.5512720801934,30.1457731931978,24.0522496089801,25.4500415689454,24.8186738713559,31.1031286989154,21.3900279961745,24.7436776293456,23.8218322009256,32.4479021565163,23.2809976372426,25.1719679065943,24.7019507773111,30.0336018341689,21.2231312238021,26.5162434039474,25.0032600478276,33.4321990032259,22.0525613005614,25.1813664769288,26.1536089224907,30.7298680353755,22.1401177035555,24.1135253383270,23.8109062036080,33.6291565100827,22.7626246040237,26.0918572854278,24.4439942956599,29.1366557463138,23.0936303214558,23.8905003420947,25.5011774564686,32.0950866337703,23.7039965800617,27.1749212102688,28.1051286795373,32.6598405527004,23.8117380369215,24.5772277358504,26.6139529282125,31.1575344864031,23.1781797874117,25.4197016190124,25.0401097756236,33.2870203325802,24.8363840001964,27.9346532021023,25.7024929463223,30.7695321633510,20.5383751709804,26.4082270599776,26.3765605571596
26.0527086348339,26.1425407110329,24.1478154987252,29.5061350954167,28.4830438605315,24.9582550314246,23.9432652951819,25.9690291711018,25.5537870396965,27.8083975308486,22.5260231124652,28.1456175324428,27.7913981368156,28.2738354927525,22.3945752707795,26.1344711241838,27.5020527550556,25.4780928096446,24.9523614912241,28.8133942936497,28.1534004833948,26.2898978318985,24.4956720666506,25.1943458621155,27.4784990035795,27.0469361823956,24.7595343533197,27.4893714683535,30.2764732015301,27.2084329651963,22.6446386543813,28.9651679001164,26.9768049614779,26.0333316716858,23.7578980692745,26.6008280819000,27.6444756735994,26.5935002558384,23.7492730239098,25.2099902391044,27.4688093355577,25.9074385036031,25.8977087591104,26.6419820839638,27.8644828771748,25.0634420304840,25.3137460794871,24.1943793648332,29.7504664093650,25.1032697335662,22.6115322281144,28.5139377141064,28.6860384275355,27.7029066022567,25.2371470315662,29.1087852633866,27.6213707783054,26.4732382017969,23.6808572507374,27.2337651245156,27.6318842156767,25.9159695363809,24.7490967102137,27.4840889262538,28.2515646310564,25.6986922460919,23.0701249886595,29.4567479731200,25.7528881344215,27.0404100682657,22.9008282171760,24.5915770509556,26.7265429057382,25.4160738483282,23.7891314898419,27.5382871680598,28.0142667269923,28.1994846341505,22.5305840207902,26.3697591704168
26.0586081324649,30.8402719854841,22.1892534912593,33.5999795672612,26.3741657845964,34.1397031317131,23.2735165671229,34.0819973643727,24.8667194131263,33.7211070201027,20.9223616229262,32.7312181370324,26.3725401164057,31.4730626970950,22.5083736210247,32.9886075299330,26.5181417203501,32.9442738015284,24.0595019981603,32.0326079523035,26.9159019000410,32.1013305288378,22.0489440741601,34.1810465008416,25.2584022536430,30.7588197004585,21.0778409607786,31.1998466185582,25.5371605770726,29.3633952779823,21.9344204760842,37.3089060366014,24.0588028717851,31.7787175555650,22.1363837705417,33.5201533734782,25.7750172732679,28.1054367493729,21.6907361075906,36.1358105824913,22.6620559958787,31.3120781263161,22.0668498391343,34.0467861043462,23.2318216513216,29.6703970211863,23.1655362055035,29.3444577069352,23.8718671226391,30.2695140528727,21.2446567735050,30.7886549883663,25.0308367350511,27.4744843368988,21.3336125296157,33.2539768356308,24.0192197807674,32.5229295470221,21.5284596833200,32.6142858954099,25.7321260487361,33.7153698018031,21.6990593977151,32.5693284348962,26.6399485112916,30.5901194712105,20.6716067199001,35.3472446956569,25.0050034417591,32.4343149180334,22.2453786430898,28.7296755753059,24.5003681145564,28.9513653599837,20.8628846631480,32.1187599991915,24.4605686196647,30.9281372274082,22.5727044385396,31.6534928531456
23.1973478175397,31.7436250114411,17.7555628207273,31.2835209726845,23.8657909951204,33.4095455354094,18.7797764241353,33.3043274367491,23.4420921436230,34.1942533094462,18.2165152342889,34.3889651412305,27.6829240468967,29.9023757219435,19.1912262167981,34.0578539852371,21.6101143485039,32.5612951940756,20.5455392294745,32.5103234591961,24.2687562737863,30.9519640545124,19.8819490908189,33.9475125971435,22.8294639049074,33.0810096358381,19.5080848896436,29.5159441728438,25.6340461996061,35.9557885770741,21.2532246022190,36.7020632720208,22.4695980588328,33.9239006337465,18.7029409171238,33.5965516225420,22.9433943409170,35.5885926145615,19.7924862203178,35.3064125825922,26.1488223253225,28.9265051109160,19.7404817741775,32.6609747330607,23.6963025290376,36.6558517421606,20.3291227784964,33.7918693066990,23.7034589286637,33.0571183930400,18.0725620352146,33.3940329575235,23.0968077534980,32.6776636047007,18.1751230576521,31.0628818350118,23.6248977492826,30.9462899426672,17.8975673081063,31.4536295171862,23.5071779355778,32.7261415307858,20.6919088699204,33.6386237200395,22.2595110560298,35.9785275601448,19.9867017172001,31.6700141906299,22.7803632640073,32.8838074565916,19.9678864389347,30.0659215607830,25.3140191584095,32.5733101631669,18.3244723795540,31.4461487947399,24.5153950305956,32.6820181793632,19.7238523184051,31.3021007842235
21.5192910688009,33.0925450302683,19.1509201684006,29.2742185843389,20.8854104065086,30.0799931455488,19.0066673422441,28.2048354940414,19.2523150295285,27.8150973380957,17.3963472341244,34.1809926461179,20.9154696886424,32.0136036878724,19.6205336522906,30.4256474184978,20.7781101633064,27.6570898312959,19.3170732238975,29.2431727368160,21.1100963637151,28.6609282679236,18.2920585229469,30.3901060816294,21.8812822177924,30.2944221894604,19.2542332189179,31.7379842443533,22.0261525842417,29.2633874202941,17.7090742566635,26.9200226547136,22.8429515901471,30.0254642875849,18.6100194573454,31.6244220555351,22.7683422572249,28.4284972259852,19.4666671494706,31.9044812998514,22.9605990774229,28.4547220869890,18.8156765165641,31.1910374091796,20.4704397835968,29.1489913868520,18.0794268917383,31.3374643455397,22.2824646911385,29.8366330919153,17.4962019312230,28.9562286268377,22.4964867889649,27.4877291798135,17.1701758745643,28.2655071161222,21.6940023783101,27.3765543068948,18.2511393384695,30.4081673901658,19.5970164840211,29.3235618451882,18.3546106464471,29.1268756432156,21.9926442864854,30.1492723462267,17.6973078491212,30.4882982824922,22.2105427845152,31.4050633793910,20.6320399003832,29.9999080389169,22.1096608433315,30.0849479664642,19.1776903434230,32.8741906064113,23.6430783113851,28.9093589402871,17.8523101748904,30.9556430733831
18.1777491734606,24.2129521375058,15.3232108103069,25.8918001260820,17.9136669952979,26.1808025762244,16.3082755427253,25.4047634998894,16.5214051838617,25.8255294057734,14.4733934262138,25.1228551654090,18.8515691798124,23.0164128704480,15.7916512275898,22.4197839180361,16.4862003637141,24.4952521601305,15.2448412526075,23.9282267588792,16.3587373571668,25.7028449477199,15.6200729756963,24.1814705367056,19.3351385011802,25.2558732211125,13.8233061503855,22.8378121173519,18.9278110688614,24.8210082382533,15.9492231459961,26.1243577492168,17.3463179651248,24.7861557080543,13.7687729692002,24.9143325425935,16.4904602860187,25.5495568447241,15.3065010878270,26.3488820240073,17.5780663053558,23.4861555365193,14.9731048059837,25.5550926306365,19.4013743184827,21.0680891167065,15.3241534928989,26.0547191204585,17.6885478793924,24.7743351240514,14.5994260489753,25.9350669553870,17.9960814125678,22.8037665821890,16.0298379433436,26.0935708458688,18.4550649554382,26.5441916739178,14.7690474437444,24.8312650067202,17.1831466759826,25.6045325417772,15.1860473591080,26.0647384793242,18.6720904834914,23.6598468205993,15.0649055768001,24.4900621725356,16.9481019831195,24.1396129686006,16.8686051472421,24.6026456814225,17.6224240041785,26.9556722961535,15.9567866727246,23.7128119130566,19.2394725104957,26.0163856227421,15.9196588635691,25.1392408451879
16.1693792822941,27.6692697535243,12.8910415703013,22.9500205635627,16.9028687990837,23.1677600181866,13.0580511039431,22.6679398283031,17.3816318714915,23.1276931801093,13.6471197357043,22.6962978138453,17.0255057638552,22.6598492128768,13.4575336148592,21.5767335719170,14.1109361315422,22.9261676025827,13.9727091847477,23.1296334607760,17.5550431514514,23.0898053325990,13.2253595788778,21.8155973628175,16.6436587624962,23.2110232301421,13.8149345403146,21.6500530749112,16.5567174241244,21.1207456458562,14.2892008445684,23.0282418985340,16.6848893929224,22.6179328509724,12.9015189471944,22.0666381965136,14.8339565065032,22.0878969205956,14.4914545605021,20.6090633994146,17.0174411380740,24.7647933526819,12.8363865995858,20.9462398907917,17.3439263424747,21.7956030845421,13.1330113206880,21.8929786778248,16.9396003913858,26.1042006081210,14.0493639203685,22.0283251779730,17.3578206829146,23.1851719913491,14.0509312587376,24.3028180757285,16.7134856842983,22.4104167187733,14.5865104825371,23.1529864025940,16.6899425064350,21.5231457564690,14.1689969813495,23.1711374641507,16.9342181710422,21.8426269935570,14.8335385714374,22.2078704714358,16.2428398397235,22.8541817016917,14.2425869543611,23.2533011136048,16.2987948607379,22.6925884780869,13.5749587400764,22.9667604123884,15.9779351578250,23.9567050452138,15.3830822260768,20.5082917497923
12.7379455447420,21.6047879593894,12.0169419287730,20.3042948913517,14.9931854323201,21.2218036459282,13.0312580993664,20.4756002899233,14.2304313412678,22.0642609851641,12.8901096446922,22.3370358239202,15.0877618448813,21.9910537180438,11.1492146212848,19.4004380891605,15.9621101666939,18.7823247072210,13.0353833945074,23.7161307507388,17.0047330981708,21.0508995945702,13.5987436115530,20.4993165273393,14.5614222917159,21.7621351371732,13.5564838764494,20.7926149401399,14.0154927819509,23.2508095855363,14.6721749648356,22.1194273403228,15.8531713909617,20.0536484420003,12.9264215020274,20.2009972197928,15.3375086401012,22.0134071765329,13.5105628095085,22.9568764080781,15.4525303865004,24.0026743157735,12.9601620417329,21.5757447948496,16.7297093224220,21.5878743081250,12.2765603199237,21.7854334124943,14.3474770522892,22.3570334937633,11.8787093873514,23.5313450364830,15.0412682903408,20.7949654623914,13.7284861793035,22.3693052967355,14.2428039829190,20.9986296748865,13.4166294213325,19.1110518465931,15.2506913867267,21.2631973288141,13.0227211287169,23.2222369173665,15.3181721193798,22.6097248451917,12.6152811242374,19.7109956885174,15.2759222503685,20.4210857303594,13.0220542050737,20.6845271850530,16.3137365062749,21.9690137088114,14.3566665840525,21.6125555014861,14.6142987455881,20.7721485750452,13.3074453887005,20.3691769178357
14.3712296231446,19.2475120850965,11.5251520262917,19.9758056716136,12.8498587438752,18.3608665775556,11.0676170304898,18.6755618070985,14.4770381237834,18.8372471773439,11.6432877334863,18.2761336541929,13.8203368488966,18.9216144153230,10.7784647666563,17.5548313888271,12.3725353082462,20.3031571229620,12.6969676491213,18.8881640904049,12.6651380901850,19.4871246784180,10.0698035886618,18.6139796077108,14.0252150222245,19.3791672492308,10.8731212829486,18.2854476181374,14.4385670504831,18.7782382888912,10.9049177375378,19.2774479142893,13.9105157476992,19.0387051254723,11.2626128884268,18.5608524832644,14.8119855389775,19.0337325365680,10.7025468107897,19.2279665569851,12.9026443120577,17.0383424861659,11.3767096219308,19.8812540686898,13.2647197198233,19.1380957010348,11.4012872942631,18.8032962291563,13.3458227058018,17.4892283853786,11.6169794245642,20.4011365577550,13.7582615987894,18.9901973185770,11.3431060046052,19.2391752074533,12.9388940083624,17.6302261483798,11.4148502586485,19.6808541566130,13.9245999696147,20.2931743384557,11.1840641389273,16.6241357397683,13.9249360502958,17.7695960005408,11.2742253529689,18.2581608649499,13.2248203369292,19.8488800908108,11.2703160182021,19.4746900641569,14.3048772831818,18.9544418353979,11.2872954661858,18.5814360000741,14.9586929836759,17.3680316284155,11.3873290949119,18.8390570601898
11.8681206042414,16.4185378211908,10.6372671063254,18.5069312731823,11.9845072382820,15.9721102613092,11.2149570405727,17.6328258003386,11.9745807570111,15.9934338883693,10.4811056175658,16.0090509562994,12.6618817266187,18.0140645933455,11.5101033911256,16.7850568271660,13.1319150154978,17.2331832609528,10.4860897207801,17.7104188959643,13.1878444950893,17.4798165115764,10.6725232403037,17.4612000113281,11.7593597330658,16.9362916575337,10.7647127539146,16.7503920667329,13.3731542918040,16.6695693891565,10.2404014986133,18.7573298358887,13.5183466096289,17.2778864556624,11.3253915173797,17.3948667725615,13.4971501010780,16.0076739580780,10.8843897003717,17.1225199692757,13.1318623557875,17.2118051290772,9.80661042963435,16.4503920616627,11.5627806788388,17.6662448803214,9.97170880629255,19.1421459973985,12.4006608983050,17.5151993671422,9.76171766626909,14.9927178502534,12.1309478728792,16.5258193608194,10.5787848816502,18.9593931767760,12.0564966775011,17.0576913976383,10.6822346790109,16.8116253200607,12.7401705549131,15.5964937228256,10.3413509765713,16.9890795339738,12.3628000362775,18.0859077649034,11.2162032414956,17.3877300922709,13.2479177092290,16.3848699189108,10.4422770141643,19.8800680334159,12.0757139840690,17.7942788042123,10.8427836714635,17.5402439270111,13.8209207025221,16.6526231513079,10.9419941859641,17.4112266790877
10.7929253843794,14.9815858522062,8.68873748806551,15.7216869179416,11.1353875628772,15.4129059604439,9.20526740175439,16.7815717358603,11.4193500778705,15.7975128058250,10.0275142885868,16.2595631082097,12.1809391263957,15.2268489713799,9.48437315309173,14.2657876893331,12.1521673683872,16.0918675599233,10.2300868709869,15.2768176239118,11.5253342052036,14.8328437000077,9.76495485918104,16.1208486201826,11.6148848603160,15.5713310489076,10.4497749710965,15.6635608610829,10.5325449201221,15.1784528382483,9.19451868266144,15.0379730438626,11.9080968347263,15.2933546933181,10.1883762348746,15.3803471728004,12.0655984203654,15.2874845560781,9.96842501655347,15.6316306208938,11.6247282181815,15.8626040322273,9.53269558249205,16.1485774832799,11.5717879875187,13.9259548367365,9.38808887923090,15.6691366527259,10.9150696040194,15.0981020900007,8.85470495237537,17.8054706752860,10.6776544413109,15.4333130429460,9.32337272242334,16.0118101453161,11.3651406199744,15.8918384657704,9.40651581403859,15.8151979824724,11.6717562127583,14.6057556906745,8.69367817421007,14.3176804850384,10.8262094255677,15.5556315014237,9.78087171856550,15.5593770964237,11.0163840545399,16.4154521539176,9.57029552644339,15.1370635650149,11.1686811107418,14.9265751336539,9.00750399415691,15.7700831042664,10.5414118563440,14.8097514648781,9.78818057008209,15.8816457716551
10.7787845013173,14.5000701638107,8.44919931815730,14.3859913247515,10.9091751424709,14.2623978643456,8.85822726826808,14.4263973925086,10.7389934603035,13.9122026109144,8.52341259877804,15.2215431299147,9.98828321157904,13.9253751553948,8.43676592371944,13.8868359535985,11.3441570075698,13.8460832187294,8.89931809502147,14.7663200676095,10.5441696133162,14.0291084034857,8.21396655126480,13.5649431633534,10.9265942006814,12.8469920508598,8.74390534025220,14.8881720642410,10.6206780471585,14.0750948085742,8.90907542054162,14.5123369921261,11.7331574334927,14.1275807509132,8.95832171059060,14.6921207343577,10.1401233354696,15.0564734403120,9.32684229394639,13.2912445113332,11.0140244072220,13.1392218942001,8.84760270062537,14.3396433834197,10.5544437875706,15.6252159732432,9.18967494169925,15.2083285529770,11.0852697903646,14.8965418333584,9.45431263390817,12.9374679630571,10.4602020933848,14.0378781624325,8.56112534433259,15.0260668715512,12.2225544289725,14.2209871522361,8.43292142100053,14.4949644859557,11.0748206263335,14.4504865610540,8.62865356885926,13.9094646184529,10.9939665036835,14.4370368386572,8.32477928213670,14.8079992054787,10.9665232861085,13.7194554204992,8.55747542703864,13.7182687542860,10.7108428743867,14.5592771760270,9.16434026908738,13.7560841883789,11.0161164406855,13.3265705521830,8.16514143599707,14.6451970466420
10.0438889354870,13.3960197804653,7.98225410110543,11.8427856605890,9.39404557167834,12.9068430622541,8.44798438508865,12.7929466503469,8.92396188526572,12.5436224455996,8.14501711361548,13.5406816301516,9.47862421794083,12.2650682618182,7.72134776684149,12.6565255631465,9.30201786714809,12.8756564422801,7.72152081238272,12.2713337479745,9.10208595037392,13.2355471277675,7.27508423579710,12.7303617949225,8.79905167038266,13.6593654430701,7.58599310248993,12.9972143422943,9.73656813190005,12.5534550451755,7.59260666920269,12.8975960311276,9.36074965845739,12.3485092886573,7.43326756408378,12.5191220686436,9.85464560082837,12.2992529272489,7.30198882065915,10.9098661021906,8.32935799286196,13.1721812268069,7.67267134346269,12.9112654733170,10.0664202698667,12.4115787278828,7.65876447996271,13.2840063117380,9.57671425614230,11.8238220599871,7.87427120522995,12.3736305712345,9.08871127108438,13.3647446052444,7.65823296395856,12.3522491817377,9.89640846167774,12.4977292128646,8.16496059862525,11.2284669991470,9.04277639914845,11.6146529164705,7.31373613316686,13.8505415323599,8.83110324443214,14.0632901601904,7.84914978557743,13.1699121006107,10.2053535709089,12.2124451401623,7.84135219911817,11.6851657451407,9.27198821173182,12.2963889005024,7.78035954148713,13.4250138620412,9.80405204087142,13.5094629981794,7.88661502752024,11.7990840687095
9.52206906827042,12.1154892026404,7.24429882894886,11.8621084629233,8.94884301407306,12.3014209451635,7.10166625741707,12.9799523899940,8.75080579247575,12.1128884275411,7.42361516036469,12.0548645842914,8.70225123177649,11.7838623052463,7.59843033327238,12.0036757593400,9.55468585247884,12.9438769486670,7.52735680336295,12.9902942298246,9.35441137368606,11.5216915189435,7.19060513749058,12.5650151812303,8.95243083789297,12.5013134696027,7.08803523568849,11.1333421570779,10.0635974084345,12.2454621437990,7.87368552754371,12.6156675324474,8.69103927803892,12.0224131597145,7.34663435260044,12.5247320396207,9.39901221077033,12.8051912937409,7.54395918606496,12.2709326895485,9.53751279121515,12.3200274081732,7.17216567398863,12.1238326328616,9.12437792633987,12.3696898301627,7.85993301462676,13.0704096736737,8.38541050548178,12.8814309015860,7.01665468756701,12.6096502034754,8.60675977350020,13.0747002870737,7.05693506211765,11.7772696959383,9.18015905338763,11.6476386380928,7.23357931859504,13.0231228680921,8.96045293337784,10.8545555473458,6.88528066213035,11.6287359511929,9.50086997302837,12.3069094819969,6.61322993168664,11.7666664278969,9.12092383857380,12.9886132460061,7.38896469858146,11.8460016974860,9.27897434412857,12.1615613872513,6.93832982896744,11.5863707017938,9.39589312861203,12.3217227368285,7.80592735192303,11.5338877365569
8.14012728247436,11.5280005103278,6.60514793218628,11.1582034706340,8.27667502916517,11.2643255953035,5.93371858663567,11.3037589414246,8.66365467344822,10.6544332608379,6.60254520534695,11.2813667356993,8.13435268192386,11.6121880562337,6.60895005201851,11.9426885388078,8.47945088632568,11.8314819281737,6.95189195123115,10.4419873668453,8.86132077328404,10.2348301987988,6.74774141615591,11.1415076306123,8.49156569884413,10.8134660861054,6.71912833886311,11.6086945251854,8.07027667232384,11.6707034557168,7.31902464827260,12.3227333719220,8.59458913511136,12.4090684643748,6.83452904778073,10.8209333330859,8.43083231892262,11.8721278686833,6.42768721496876,10.7993756679426,8.78733195515231,11.4519411908289,7.02930082566831,11.1369829952608,8.23976131524025,11.3713008812795,7.06653081710230,11.1274086363079,8.80457216173485,11.5815316175534,6.59791348178434,10.8634117954314,8.31846621467384,11.4192979890829,7.20959971696460,11.4617584114668,7.42067739479619,10.8324344250692,6.75543028062248,10.7111362242496,8.19590656955444,11.3755103190010,6.89096687360719,10.4806159156317,8.74607755053227,10.7984201529473,6.96318184615838,11.1843769848104,8.12038830797410,11.1118738503323,6.34868102278131,10.6019878399321,8.33013412161004,11.3882797580861,6.51398497738260,12.6998586813796,8.48363717695335,10.9808555989554,6.84679369175458,11.4493932788953
7.01895826653031,10.3439229937388,6.15250539282562,10.1325139301179,7.05337787482956,10.2275415510497,6.44179707555479,10.1081599278553,7.64516216277702,11.0458149631253,6.33262032756198,9.92165897667357,7.96638507784345,10.1476118436464,7.21713091350218,9.93013506438213,7.68283496542072,10.0682366888394,6.49577983179236,10.2952464969451,7.49435467499472,10.4022131383357,6.14715158889307,10.6054476444191,7.91706820039553,9.82234622369401,6.12476916130581,10.2630525460596,7.43436059832444,10.2672232479086,5.69074830504009,10.1088299688280,7.64629775400236,10.7459056089959,6.05772302069623,10.2038934182153,7.34927144896328,9.43873638843380,5.63105143159268,10.0238754243390,7.83652074013388,10.9129299666036,6.23619777360039,10.6616792116766,8.18485750081636,9.99888929995415,6.10549317780895,10.3780716518611,7.16903203726834,9.83296582807234,6.11706260286293,10.6281147376570,7.69348743440169,9.75612910819324,6.16567457773027,10.9102514512447,7.36437084913757,10.1279273406117,5.99954320639292,9.98541987862455,7.80815058573306,10.1665118909529,6.02731808428296,10.0380118883288,7.60908208344387,10.1278091031958,6.22355380504958,11.1257241233941,7.34911303792320,10.8742635937668,6.53531090961807,10.7716421137730,7.63583737029436,10.5786235049438,5.83787782996914,10.3172044645771,7.27923139659353,10.3629891479928,6.24224164150668,9.42010700000210
7.23199553576830,10.2701009234789,5.57630764057057,9.30777270593848,8.13539132873936,9.58979841763058,5.82430438463857,9.71510947035705,7.26485461511485,11.2496116407910,5.68072871683414,10.7349664643084,6.95007698049970,8.85050288242533,6.04238983179067,9.39126604360341,7.23342437305673,8.81906836211634,5.88421182506701,10.2523177521408,7.09610989814173,9.48349301538245,6.37762014575860,10.1241847230295,7.26552187976241,9.49810477693351,5.82324697941984,9.89278229877344,7.98675208486991,9.26205628728898,6.30905969873115,8.87219399742932,6.64790922364618,9.32518005274599,5.54411131186935,9.74017151159354,7.60505846463039,9.72821470148654,6.27105830226774,9.41333396800521,6.84489878403040,9.64842082540629,5.95559832232735,9.24087631824907,6.96130757037426,9.34665039038985,5.88858547264008,10.3580301149352,7.19493482438779,9.34677121703773,5.72887319324308,9.57658303184629,7.22675002155033,9.01915494362643,5.72666778447993,9.70838174722172,8.15409237505145,10.1288730414631,6.32683862586890,9.49710399809389,7.26689876965560,9.71223386356408,5.48992336935327,9.37375388488968,6.68535372875785,10.1032837674154,6.29064851438471,9.83193373975532,6.76116535051541,10.0002950994274,6.01523717141805,10.2416424766623,7.10171715708797,9.40818126829240,5.96847158863395,9.69557975432302,7.45043211607650,9.45387420165445,5.44180595065103,9.71253521188602
6.39665444906689,9.05647920144488,5.33200729092538,8.76530877050274,6.96039416579050,8.59811952415574,5.35017872220427,8.57757511843940,6.60485253917527,8.41544527210896,5.03767799607375,8.57855548515853,6.79529831601094,7.87118294865910,5.41877159309138,8.82382372404476,5.97432874959851,8.53893395928836,5.34678362430348,9.14024614076285,6.40778896590917,8.35267988932497,4.93462239161376,9.07780942832125,6.66420996027303,8.90242909269985,5.25730077364127,8.28421100879224,7.45311014447693,8.71905947382763,5.29111075452890,8.48892568322590,6.65429238265829,8.80436183245744,5.40700248046312,8.23472084691395,6.10937284981687,8.02550174139313,5.49064520410471,8.74649966427455,7.10132823078088,8.40675326716774,5.60710791735470,8.16760050411849,6.48493968210406,9.25948186860439,5.35050979084356,8.44961712193325,6.63786349555619,8.79456112251377,5.05752134794611,7.83611565395546,6.66112182218849,8.46376418368220,5.02490329503261,7.74347803407129,6.62839579720034,9.09432733928780,5.20296630076203,8.12176283092294,6.87362347067605,9.52902655964659,5.73852235396222,8.74174269317784,6.53142763984533,8.16023884380214,5.21574997663879,9.08159072810302,5.72874152395124,9.30517516774411,5.73834138613159,8.65060995598874,5.75801705578320,8.54242995718095,5.60261283144228,7.86775354853138,6.93212106045807,8.48064601454018,5.16064799210245,8.77389058059943
5.76404231932496,7.88276541650255,5.24500969957498,8.55646697654936,5.97442705023740,7.47281986301049,4.85038212818568,8.19405110476705,6.16756928267934,8.09007791541117,5.04232732858388,8.27062702151695,5.59139739898387,8.27156561424867,4.46408499650656,7.86892909961032,5.99898105403603,8.44154458813273,5.03813451278503,8.31152983524676,6.90304721949957,8.75958638374028,4.58298605105761,8.44373052177730,6.17165380654282,8.19990086227623,5.09096550402429,7.00396705032366,5.61243852957242,7.46429624490362,4.72898521071979,8.09161391875468,6.04045093674241,8.54135554128560,5.14359827721466,7.88622312122157,5.80752439314127,7.54256539044572,4.78285857356487,8.33770773539164,5.65433228320873,7.53096038962212,4.93350400640772,7.79287705695400,5.64972770819502,8.22434136228759,4.94584360389921,8.21927593088702,5.84907095856036,7.82861224095587,5.04071853407909,8.59632061209743,6.05979496771557,7.97691968815132,4.62538911311424,7.84155052066564,5.56475320419145,8.33400152334076,4.63747225950603,8.56740395959511,6.35092736320072,9.18474832827229,5.20533932144520,7.73414566353220,6.31331512040552,7.72626864240545,4.48182407477810,7.64329292803149,6.04515260428563,8.48238867065045,4.52017721815861,8.42488706346561,6.35379939334156,8.64571547429307,4.73520092049963,8.77074973175629,5.85889329249803,8.40859857168890,4.96298753779469,7.87739354567247
5.84057176480050,7.05307124058680,4.79681824558861,7.67396075848870,5.57865303789508,7.44839548394166,4.47204779941034,7.57509158072043,5.52508974109494,7.76700964788720,4.59127624296365,7.31268987567447,5.84776368267650,7.50953817934743,4.46569955782394,7.85949557012810,5.70115456894455,7.43127710574256,4.71676009112980,7.27727016435230,5.70729094391103,7.37058423193604,4.30705682641425,7.97560250311965,5.75101142107823,7.81271986936991,4.63780941785797,7.58880003707791,5.39699304631974,7.48316468283825,4.26207956985123,7.55301483138376,5.88344351391476,6.69099751168198,4.75112150010520,7.47818829213413,5.70528058090248,7.73052364631072,4.38084254093732,8.15311295051599,5.34770600047893,8.04453508297758,4.61549659103528,7.64316344814946,5.83870823116009,7.44219037487916,4.61914869670375,7.75694273366200,6.09618090849828,7.44855370678527,4.69363552792526,7.29162036644351,5.98985396440438,7.12963675360810,4.67167753095888,7.62978263583999,5.34914555650704,7.41927465953919,4.33768697693019,7.48081663012376,5.64999111176536,7.80674670192804,4.47222119039314,7.66331213857946,5.89903904549675,7.19100644216557,4.66262070816841,7.56971487062005,5.73372655357361,7.59338530415116,4.32188676193375,7.45142253270573,5.45361160011879,7.55617379124846,5.00000540718043,7.44196709111333,6.07013598424460,7.51747894214594,4.73840216326783,7.10829995593092
5.35494744749146,6.79468469420339,3.86072293828087,6.08923305731568,4.55169377199906,6.68440450118307,3.87994072441838,6.33020681673252,5.13291197716116,6.89588221696834,4.18349167401077,6.95126210065380,5.38921208917536,6.39401102480522,4.21315463307729,6.48551311713353,4.65497384021059,6.66738990269943,4.07326011495325,6.64833484253520,4.97534108866711,6.53321920229161,4.21947091050879,6.90689014767197,5.12613544325269,6.57265840760896,4.02479156508322,6.30613258964850,4.94849238842860,6.71962375305796,3.81920244912082,7.22085112490682,5.12480343874754,6.61566245448936,3.99074659896170,6.80528126098438,5.11441057287649,6.20002233712549,4.08070232838620,6.88361367884327,5.35518200675539,6.62347055926677,4.06987929130147,6.99193849007731,5.07124920708884,6.87836077312921,3.95077866119640,6.38718185574639,4.84693495483802,7.06122748403990,4.30677795575997,6.62895675565868,4.72647939331373,6.91672217595661,4.08091948029273,6.32100043234712,5.05269728693988,6.38010018934336,4.02465774476581,6.91972450011001,5.33528808674124,6.48445717665756,4.24757737255400,7.04200045106808,5.06750588146383,6.95653874669722,4.13570207381519,6.73953110122404,5.26280867390616,6.67693972482011,4.45243047540762,6.84090586774108,4.98353741736247,6.41269509844999,3.91247778962626,6.75537067014569,5.01015630017634,7.06249932121836,4.17928964443865,6.98222473487268
4.37298545037983,5.97795819778226,3.75930867768710,6.12466561985983,4.32363879748254,5.71578588547550,3.40919358507178,6.31101011753566,4.23363394646196,6.06702285671182,3.60326115109514,6.39705774702340,4.43528393493718,5.99693023954846,3.70569149800677,6.31382225157583,4.49579986694010,6.23661440179730,3.65949984664076,5.68949622808973,4.42787128389948,6.35980046121895,3.47543237724756,5.85532570429949,4.59587608079410,6.07121788494083,3.80685592960184,6.08224913384382,4.09545462562526,5.41904947030681,3.98710505476019,6.01212733812275,4.69886845928129,6.08541286452891,3.97035900532608,5.72392559822011,4.41640297536753,6.20992407184107,3.97556932559396,6.08427119954299,4.55821251339617,5.66316046857791,3.80145705782489,5.96158484774046,4.29235885390884,5.88047687103671,3.26980776320319,6.44703217141575,4.29258616848078,6.10118173747042,3.63444670505052,6.03664738595054,4.44182706934233,6.37989063052410,3.53045146143243,5.36299603347330,4.69807714087173,6.29064939601075,3.66795234285352,5.57326034974246,4.81573230421378,5.84656743203798,3.41108113814691,5.89334392673572,4.26614873173381,6.04164283227331,3.66726363377043,5.31950895992400,4.17909705207381,6.16921248540756,3.44196195862488,5.32227544741957,4.78237946896149,5.71614136349215,3.58030918924521,6.00559335650782,4.68685399403465,6.31531792656758,3.38020134187487,5.60489593461167
4.28467083417971,5.21693049785191,3.37593986346375,5.36015161766054,3.69430725470746,5.57549154703488,3.63301727548123,5.83891758646960,3.87131011337930,5.84954291883596,3.32631023984564,5.45177987643436,3.89204845324766,5.69517416920862,3.33864202710804,5.55814687329937,4.23346751402349,5.05778441698598,3.46081299284000,5.49979839915411,4.26753055134054,5.93890778791447,3.04338284646234,5.84631759501017,4.29183779713331,5.09306051228304,3.26632781142372,5.81593069257927,3.91101273452049,5.23998507303105,3.40310176342723,6.02141562348214,4.54797998883434,5.54544268672397,3.16901797529356,5.49933518995817,3.90256821041361,6.00496177954833,3.18802410758203,5.62683763192860,3.71979399509254,5.11236459929619,3.11427192650627,5.85626662940592,4.51092692063487,5.44025723652860,3.34008623064660,4.90696088746321,4.15602975019760,5.27704859566791,3.25705332289608,5.35397355480813,4.44891141644419,5.65547405237338,3.50992247934838,4.69492737201610,4.41405296802384,5.98101723096817,3.45035636614592,5.89157698653811,4.14207786343192,5.61675489222436,3.34935448505860,5.74778247495942,3.84413704259429,5.72074731220603,3.07544748971430,5.86536430885806,4.19979757614289,5.61436784932028,3.53935958800350,5.32239624664855,3.84935727655984,5.56610226644342,3.30183821221252,5.73857211962117,4.34957391514885,5.92628523451134,3.29553213870503,5.25056902299811
3.47257800598546,5.21829886817542,2.99952629816057,4.62249645649601,3.39601868576375,4.53244380064887,2.96856807540227,4.60345723834338,3.61007375242736,4.90617455360872,2.76033068413597,5.25224748277971,3.57325616627228,4.35075205655207,2.83323588598684,4.87417903827621,3.50551071472768,5.13406126611776,2.83235574732666,4.81665009261181,3.66459135167503,4.83409002904340,3.10531054669307,4.67440257545584,3.48028719940609,4.98300906466207,2.73006518720577,5.06783664463180,3.60546342618637,4.81887083766885,2.63934192433966,4.36327667852224,3.42318798290515,4.71353321398646,3.14890796623533,4.81744028065160,3.48244569324785,5.16918751508341,2.88979207445580,4.41516098136878,3.70988334139867,4.88828624015668,2.92413129963532,4.50785684236013,3.52670225494783,4.94563600695305,2.97378222379413,4.88348975379508,3.62837354273857,4.68469047689881,2.88483546289464,4.67054066387318,3.35940393496194,4.86085542892522,3.29071085433550,4.74459573325503,3.65321577214761,4.68943511422227,2.98523605491662,5.05978761236046,3.70491528431096,5.21099283709206,3.09002692899065,4.99363105511804,3.60482264987282,4.64400137793918,2.91484956854550,4.89335984258368,3.83900708559513,5.05548745470304,2.85906252942644,4.89034145042404,3.80002722153205,4.75538426281031,2.92991619405343,4.70777399856928,3.57219585419039,4.60572762334454,3.03973231625535,4.59681396733309
3.45822690394335,5.08046646886627,2.47137078835365,4.96984740040416,3.28223825455784,4.32459156123006,2.79320247075863,4.80613552224219,3.25835531582158,4.72839787753396,2.69438626910771,4.52057171886007,3.28749001212970,4.45801752021928,2.79741582262100,4.79973144769248,3.16080577390252,4.23195604455163,2.90441474218415,4.74659983685348,3.74624923331333,4.20667618229756,3.10263486445055,4.59295307256050,3.42123621584371,4.55566543430852,2.87657723686733,4.56733527128938,3.58687498907832,4.31462281593461,2.88342482828615,4.63338764036834,3.20299116214923,4.32892731383604,2.67773813439620,4.94828251576529,3.34162480295792,4.84911300076699,2.89892807094056,4.80529080167924,3.33030963973818,4.90170142613781,2.75925118843571,4.74572440873119,3.32882585192672,4.42987819192754,2.79651394273081,4.54201033757057,3.22772933593960,4.53942958230147,2.78612350563380,4.95479689856226,3.36221000969155,4.35008082039162,2.83580739762466,5.07411582149229,3.19807799698047,4.50456538142845,2.99804130188979,5.12816939363248,3.25883429251490,4.44492574670755,2.59849556005081,4.16281582456510,3.22103564351478,4.47895275930825,2.79309186981823,4.44704456423533,3.38248538632766,4.85050733347897,2.74882330633383,4.19603488843222,3.35232966163144,4.55341721317186,2.93909041735745,4.07962340308600,3.25571007998189,4.95640494596022,2.83178793913944,4.77656534956836
